CIK,Simulation,Year,Revenue,EBITDA,CapEx,Free Cash Flow,Net Income
0000002969,1,2024,12841005174.965206,2377318473.9397883,4714890979.480874,-2337572505.5410857,1782988855.4548411
0000002969,1,2025,11109163602.125456,2056694121.799845,4079002737.2121587,-2022308615.4123137,1542520591.3498838
0000002969,2,2024,13182054421.803358,2440458599.1857686,4840115601.35167,-2399657002.1659017,1830343949.3893266
0000002969,2,2025,17228718700.186935,3189637469.2004805,6325947951.948002,-3136310482.7475214,2392228101.90036
0000002969,3,2024,15914599220.587643,2946348063.6400623,5843436653.502115,-2897088589.862053,2209761047.7300467
0000002969,3,2025,19474955811.31444,3605494398.496285,7150709171.86231,-3545214773.3660254,2704120798.872214
0000002969,4,2024,17145840968.518059,3174293906.925561,6295517353.710471,-3121223446.78491,2380720430.194171
0000002969,4,2025,15404891763.21082,2851983413.971577,5656285020.104645,-2804301606.1330676,2138987560.478683
0000002969,5,2024,14113169327.241873,2612840483.30612,5181997347.266015,-2569156863.959895,1959630362.47959
0000002969,5,2025,15688670928.320538,2904520847.1820087,5760481522.443026,-2855960675.261017,2178390635.3865066
0000002969,6,2024,11981074323.256826,2218115243.9572377,4399146210.2472515,-2181030966.290014,1663586432.9679284
0000002969,6,2025,16141807743.893314,2988412295.5698357,5926861852.884763,-2938449557.314927,2241309221.6773767
0000002969,7,2024,19091173861.974796,3534442957.7641745,7009794186.90795,-3475351229.143776,2650832218.3231306
0000002969,7,2025,19202585953.495316,3555069226.485596,7050701877.40085,-3495632650.915254,2666301919.8641973
0000002969,8,2024,14932920169.58026,2764604990.4428463,5482989037.503658,-2718384047.060812,2073453742.8321347
0000002969,8,2025,15183789402.77767,2811049646.020592,5575101848.651635,-2764052202.631043,2108287234.5154443
0000002969,9,2024,13414013797.589664,2483402379.8124924,4925285193.108636,-2441882813.2961435,1862551784.8593693
0000002969,9,2025,12378777991.908812,2291744081.0893397,4545172896.965628,-2253428815.876288,1718808060.8170047
0000002969,10,2024,11535237505.643559,2135575280.1122797,4235446253.659472,-2099870973.5471923,1601681460.0842097
0000002969,10,2025,13611686037.114847,2519998414.188714,4997865419.21493,-2477867005.0262156,1889998810.6415355
0000002969,11,2024,13913885123.46064,2575946018.055288,5108825248.823674,-2532879230.7683864,1931959513.5414658
0000002969,11,2025,19423612237.29745,3595988909.995536,7131857115.447056,-3535868205.45152,2696991682.4966516
0000002969,12,2024,10461013563.268133,1936698915.7964737,3841018503.8971176,-1904319588.1006439,1452524186.8473554
0000002969,12,2025,11551490824.519464,2138584337.0124245,4241414059.568003,-2102829722.5555787,1603938252.7593184
0000002969,13,2024,10115113620.3785,1872660757.3219779,3714012829.6284986,-1841352072.3065207,1404495567.9914834
0000002969,13,2025,12215942754.589987,2261597592.3517504,4485383933.320247,-2223786340.9684963,1696198194.2638128
0000002969,14,2024,8223325663.216502,1522424744.014693,3019396337.167049,-1496971593.152356,1141818558.0110197
0000002969,14,2025,8400876108.0907755,1555295531.5351863,3084588351.307235,-1529292819.7720485,1166471648.6513896
0000002969,15,2024,15551716173.44801,2879165739.508108,5710195214.66983,-2831029475.161722,2159374304.631081
0000002969,15,2025,22839951417.014435,4228472592.8944097,8386250098.069489,-4157777505.175079,3171354444.6708074
0000002969,16,2024,14877935189.146856,2754425350.4541955,5462799949.132461,-2708374598.678265,2065819012.8406467
0000002969,16,2025,20278479650.15193,3754254720.6277304,7445742718.5288,-3691487997.9010696,2815691040.4707975
0000002969,17,2024,15091753810.928043,2794010644.0279236,5541308716.736308,-2747298072.7083845,2095507983.0209427
0000002969,17,2025,12125508815.190893,2244855112.1583962,4452178887.507868,-2207323775.3494716,1683641334.1187973
0000002969,18,2024,13593965029.018675,2516717636.7612586,4991358715.099364,-2474641078.3381057,1887538227.5709438
0000002969,18,2025,11329615135.02193,2097507398.8464804,4159946941.3226547,-2062439542.4761744,1573130549.1348603
0000002969,19,2024,11572226869.591663,2142423303.0711482,4249027808.6887984,-2106604505.6176503,1606817477.3033612
0000002969,19,2025,11530425848.319307,2134684474.315432,4233679535.2908278,-2098995060.9753957,1601013355.7365742
0000002969,20,2024,11044981902.201794,2044811847.8782635,4055436847.0116167,-2010624999.1333532,1533608885.9086976
0000002969,20,2025,15579568898.22753,2884322251.499631,5720422027.838081,-2836099776.3384504,2163241688.6247234
0000002969,21,2024,6722437731.443849,1244557975.8840525,2468308406.408874,-1223750430.5248215,933418481.9130394
0000002969,21,2025,6791099328.552795,1257269635.2154844,2493519201.080686,-1236249565.8652017,942952226.4116132
0000002969,22,2024,13714635982.154648,2539058044.093027,5035666024.431766,-2496607980.3387384,1904293533.0697703
0000002969,22,2025,13998223828.51258,2591560057.521531,5139792279.38338,-2548232221.861849,1943670043.1411483
0000002969,23,2024,15273776707.281054,2827709438.497977,5608142901.473416,-2780433462.9754395,2120782078.8734827
0000002969,23,2025,16658711669.581553,3084109262.8280063,6116655846.678737,-3032546583.8507304,2313081947.1210046
0000002969,24,2024,15830517222.54325,2930781549.605288,5812563879.236037,-2881782329.630749,2198086162.203966
0000002969,24,2025,19472283762.241276,3604999708.9031916,7149728063.304208,-3544728354.401016,2703749781.677394
0000002969,25,2024,10981644969.99523,2033085969.9609418,4032181134.0623746,-1999095164.1014328,1524814477.4707065
0000002969,25,2025,12558407856.219807,2324999841.762217,4611128421.112326,-2286128579.3501086,1743749881.321663
0000002969,26,2024,15106505596.566307,2796741714.691287,5546725197.774155,-2749983483.0828676,2097556286.0184653
0000002969,26,2025,18131840687.250656,3356836886.5991745,6657551409.166383,-3300714522.5672083,2517627664.949381
0000002969,27,2024,16550030033.136532,3063988496.6902843,6076750709.94467,-3012762213.2543855,2297991372.517713
0000002969,27,2025,17335029737.675957,3209319354.688627,6364982664.951114,-3155663310.262487,2406989516.01647
0000002969,28,2024,8117729332.245758,1502875175.6610854,2980624046.246172,-1477748870.5850866,1127156381.745814
0000002969,28,2025,9659377117.862017,1788288016.0981524,3546677960.1648273,-1758389944.066675,1341216012.0736144
0000002969,29,2024,15238850864.146935,2821243445.301234,5595319018.880108,-2774075573.578874,2115932583.9759254
0000002969,29,2025,16357881867.971518,3028415161.3823137,6006198783.649477,-2977783622.2671633,2271311371.0367355
0000002969,30,2024,17259198558.679073,3195280355.383386,6337139381.8946705,-3141859026.5112844,2396460266.5375395
0000002969,30,2025,17001234345.744244,3147522171.295047,6242421474.377075,-3094899303.0820284,2360641628.471285
0000002969,31,2024,12433639320.879759,2301900828.8743024,4565316583.660167,-2263415754.7858644,1726425621.655727
0000002969,31,2025,13096228573.87943,2424569237.6419477,4808602529.698078,-2384033292.0561304,1818426928.2314608
0000002969,32,2024,10606284048.77675,1963593555.601708,3894358136.766726,-1930764581.165018,1472695166.701281
0000002969,32,2025,9621561648.582827,1781287052.1943774,3532793080.2383795,-1751506028.044002,1335965289.145783
0000002969,33,2024,12219268439.243364,2262213292.71611,4486605040.263134,-2224391747.547024,1696659969.5370827
0000002969,33,2025,11779785461.751575,2180849646.5577693,4325238052.400594,-2144388405.8428245,1635637234.9183269
0000002969,34,2024,14009058419.18151,2593565918.6051354,5143770465.912804,-2550204547.307668,1945174438.9538517
0000002969,34,2025,16707248328.337008,3093095093.294582,6134477275.096692,-3041382181.80211,2319821319.9709363
0000002969,35,2024,13120252530.9136,2429016911.020806,4817423516.588783,-2388406605.5679774,1821762683.2656045
0000002969,35,2025,15469689789.971136,2863979791.513148,5680077209.866861,-2816097418.3537135,2147984843.634861
0000002969,36,2024,16384441237.301653,3033332228.1153617,6015950709.543838,-2982618481.428476,2274999171.086521
0000002969,36,2025,18861891224.55239,3491994734.8820124,6925607425.497553,-3433612690.6155405,2618996051.1615095
0000002969,37,2024,12270626119.260086,2271721392.7299995,4505462276.043242,-2233740883.313243,1703791044.5474997
0000002969,37,2025,11554407512.062351,2139124317.7291937,4242484993.159147,-2103360675.429953,1604343238.2968953
0000002969,38,2024,14818766451.36945,2743471150.881707,5441074691.318699,-2697603540.4369917,2057603363.1612804
0000002969,38,2025,15035192490.218208,2783539168.4073024,5520540836.249643,-2737001667.842341,2087654376.3054767
0000002969,39,2024,14163979059.666574,2622247139.0860486,5200653390.6064625,-2578406251.520414,1966685354.3145366
0000002969,39,2025,10598945386.076094,1962234912.8650556,3891663566.2017803,-1929428653.3367248,1471676184.6487918
0000002969,40,2024,15887763292.679008,2941379796.256533,5833583182.321441,-2892203386.0649076,2206034847.1924
0000002969,40,2025,15355843449.527624,2842902858.310562,5638275724.991633,-2795372866.6810713,2132177143.7329216
0000002969,41,2024,16120464721.081287,2984460956.7354217,5919025236.953211,-2934564280.217789,2238345717.551566
0000002969,41,2025,16882862122.153244,3125607339.075148,6198958200.153155,-3073350861.078007,2344205504.306361
0000002969,42,2024,16610563195.391678,3075195298.8801713,6098976949.774607,-3023781650.8944354,2306396474.1601286
0000002969,42,2025,18502306364.12311,3425423020.284919,6793576997.061837,-3368153976.7769184,2569067265.213689
0000002969,43,2024,13593969816.62505,2516718523.1143847,4991360472.986835,-2474641949.87245,1887538892.3357885
0000002969,43,2025,15687532741.900436,2904310129.1294556,5760063609.295886,-2855753480.1664305,2178232596.8470917
0000002969,44,2024,14158055023.631166,2621150393.144795,5198478235.0259695,-2577327841.8811746,1965862794.8585963
0000002969,44,2025,22211362735.01237,4112098877.1399484,8155448298.195334,-4043349421.055386,3084074157.8549614
0000002969,45,2024,15747460314.27405,2915404815.484688,5782067491.901384,-2866662676.4166965,2186553611.613516
0000002969,45,2025,16717031536.012726,3094906306.6711807,6138069420.492798,-3043163113.821617,2321179730.0033855
0000002969,46,2024,11309326272.07048,2093751221.8141909,4152497386.119592,-2058746164.3054013,1570313416.3606431
0000002969,46,2025,12592064300.499228,2331230824.9027414,4623486212.68489,-2292255387.7821484,1748423118.677056
0000002969,47,2024,11377616903.52048,2106394202.447795,4177571971.6227884,-2071177769.1749935,1579795651.8358462
0000002969,47,2025,13012208355.075293,2409014161.101915,4777752439.200026,-2368738278.0981107,1806760620.826436
0000002969,48,2024,15215049122.174389,2816836911.6901736,5586579623.716475,-2769742712.026301,2112627683.76763
0000002969,48,2025,16628923393.21023,3078594412.6461506,6105718348.122841,-3027123935.4766903,2308945809.484613
0000002969,49,2024,15806354364.335707,2926308160.768722,5803691891.362119,-2877383730.5933967,2194731120.5765414
0000002969,49,2025,20165975937.086304,3733426354.638191,7404434212.3282585,-3671007857.6900673,2800069765.9786434
0000002969,50,2024,13603490974.719025,2518481221.9624653,4994856400.431752,-2476375178.469287,1888860916.471849
0000002969,50,2025,14834118389.299124,2746313330.6919093,5446711533.035988,-2700398202.3440785,2059734998.0189319
0000002969,51,2024,10230843332.592335,1894086368.4077885,3756505840.786124,-1862419472.3783357,1420564776.3058414
0000002969,51,2025,11159820145.961773,2066072417.022621,4097602533.5934553,-2031530116.5708344,1549554312.7669656
0000002969,52,2024,10376685834.0854,1921086908.3469052,3810055503.397832,-1888968595.0509267,1440815181.260179
0000002969,52,2025,9261080577.928019,1714549417.7883084,3400433586.168744,-1685884168.3804357,1285912063.3412313
0000002969,53,2024,12807347619.959625,2371087285.1650643,4702532780.077873,-2331445494.912809,1778315463.8737984
0000002969,53,2025,12221230081.163174,2262576461.1372485,4487325305.35661,-2224748844.219362,1696932345.8529363
0000002969,54,2024,17711149805.893078,3278952313.6672044,6503084401.74474,-3224132088.077535,2459214235.2504034
0000002969,54,2025,22225029888.273445,4114629144.474242,8160466529.770495,-4045837385.296253,3085971858.3556814
0000002969,55,2024,11172686527.982042,2068454433.636802,4102326742.3060403,-2033872308.6692383,1551340825.2276015
0000002969,55,2025,13300794150.013742,2462441469.34421,4883713813.938378,-2421272344.594168,1846831102.0081577
0000002969,56,2024,14143576001.59738,2618469820.5496984,5193161905.856358,-2574692085.306659,1963852365.412274
0000002969,56,2025,15768720610.76011,2919340838.7873096,5789873732.827028,-2870532894.0397186,2189505629.090482
0000002969,57,2024,15102344616.273514,2795971371.935017,5545197391.486331,-2749226019.551314,2096978528.951263
0000002969,57,2025,13163982561.84849,2437112866.8272986,4833480073.344114,-2396367206.5168157,1827834650.1204739
0000002969,58,2024,13923128352.394728,2577657262.510411,5112219127.739599,-2534561865.2291884,1933242946.8828082
0000002969,58,2025,19763873129.096153,3658983083.1938562,7256792273.3690815,-3597809190.1752253,2744237312.3953924
0000002969,59,2024,14832154661.679914,2745949776.1349783,5445990502.126662,-2700040725.991684,2059462332.1012337
0000002969,59,2025,15396907624.486225,2850505271.082461,5653353447.13675,-2802848176.0542893,2137878953.3118458
0000002969,60,2024,17046315798.232489,3155868322.423565,6258974238.804981,-3103105916.3814163,2366901241.8176737
0000002969,60,2025,16568714385.197582,3067447622.7262216,6083611129.4982605,-3016163506.772039,2300585717.0446663
0000002969,61,2024,14529759375.213556,2689965848.7746553,5334958632.816506,-2644992784.041851,2017474386.5809915
0000002969,61,2025,19145022853.52599,3544412286.541275,7029566169.012113,-3485153882.4708376,2658309214.9059563
0000002969,62,2024,13567540844.701422,2511825597.494841,4981656425.708464,-2469830828.2136226,1883869198.121131
0000002969,62,2025,15408145966.326807,2852585880.6071854,5657479880.842407,-2804894000.235222,2139439410.455389
0000002969,63,2024,16224381769.641966,3003699631.273318,5957180938.021554,-2953481306.748236,2252774723.4549885
0000002969,63,2025,14111446740.96719,2612521572.4328694,5181364857.334174,-2568843284.9013047,1959391179.3246522
0000002969,64,2024,15107585204.191338,2796941587.763264,5547121602.275459,-2750180014.512195,2097706190.8224483
0000002969,64,2025,15395117761.747032,2850173904.9862933,5652696254.99575,-2802522350.009457,2137630428.7397199
0000002969,65,2024,13842498833.55653,2562729922.9394693,5082614016.156025,-2519884093.2165556,1922047442.204602
0000002969,65,2025,15425536407.918613,2855805458.6310906,5663865209.33291,-2808059750.701819,2141854093.973318
0000002969,66,2024,13992715407.633593,2590540256.4592757,5137769727.133019,-2547229470.6737437,1942905192.3444567
0000002969,66,2025,14785858541.028938,2737378747.512555,5428991742.398116,-2691612994.885561,2053034060.6344163
0000002969,67,2024,13719217527.37961,2539906248.1046357,5037348251.4816675,-2497442003.377032,1904929686.078477
0000002969,67,2025,12814593404.15101,2372428732.8462744,4705193248.013034,-2332764515.1667595,1779321549.6347058
0000002969,68,2024,12962570238.831772,2399824412.3907037,4759526583.565976,-2359702171.1752725,1799868309.2930279
0000002969,68,2025,11808817988.61833,2186224581.115077,4335898058.93205,-2149673477.8169727,1639668435.8363078
0000002969,69,2024,14946254364.794178,2767073615.6155057,5487885015.339982,-2720811399.7244763,2075305211.7116294
0000002969,69,2025,17978838054.35565,3328510756.3012238,6601372728.14849,-3272861971.847266,2496383067.225918
0000002969,70,2024,17729143189.683502,3282283517.347198,6509691115.297757,-3227407597.950559,2461712638.0103984
0000002969,70,2025,23361509318.416023,4325031173.576908,8577752913.549196,-4252721739.972288,3243773380.182681
0000002969,71,2024,12645668329.325745,2341154802.5252504,4643168250.697826,-2302013448.172576,1755866101.8939378
0000002969,71,2025,13477746097.706556,2495201454.136514,4948686075.113461,-2453484620.9769464,1871401090.6023855
0000002969,72,2024,12073951832.801838,2235310114.3156223,4433248472.958286,-2197938358.642664,1676482585.7367167
0000002969,72,2025,15205367109.208893,2815044432.98822,5583024634.447937,-2767980201.459717,2111283324.7411652
0000002969,73,2024,14597420671.619722,2702492317.514867,5359802142.47472,-2657309824.959853,2026869238.1361501
0000002969,73,2025,15264745270.352785,2826037404.1390424,5604826787.203183,-2778789383.064141,2119528053.104282
0000002969,74,2024,12243027942.12649,2266612006.396703,4495328926.305871,-2228716919.9091682,1699959004.797527
0000002969,74,2025,11412462628.604115,2112845362.99562,4190366436.902704,-2077521073.9070837,1584634022.246715
0000002969,75,2024,16718947980.790134,3095261107.5229473,6138773090.34345,-3043511982.8205023,2321445830.6422105
0000002969,75,2025,22638229427.840416,4191126808.4383593,8312182906.742927,-4121056098.3045673,3143345106.3287697
0000002969,76,2024,13792898559.194551,2553547180.081994,5064402055.099814,-2510854875.0178204,1915160385.0614955
0000002969,76,2025,16941868509.141949,3136531481.847255,6220623846.8805,-3084092365.0332446,2352398611.3854413
0000002969,77,2024,11647985917.002378,2156448948.300908,4276844606.8587136,-2120395658.5578055,1617336711.225681
0000002969,77,2025,12515052839.466738,2316973314.1765122,4595209560.040389,-2278236245.863877,1737729985.6323843
0000002969,78,2024,16080042017.330095,2976977302.6845956,5904183046.744122,-2927205744.059526,2232732977.013447
0000002969,78,2025,15176071267.08743,2809620749.58213,5572267945.242323,-2762647195.660193,2107215562.1865973
0000002969,79,2024,11051135950.232471,2045951177.0720065,4057696457.155198,-2011745280.0831916,1534463382.804005
0000002969,79,2025,10828645250.212317,2004760378.9817672,3976003522.665258,-1971243143.6834908,1503570284.2363253
0000002969,80,2024,15957670366.161633,2954322036.7575583,5859251284.286521,-2904929247.5289626,2215741527.5681686
0000002969,80,2025,18019845328.855877,3336102634.8112774,6616429557.890382,-3280326923.0791044,2502076976.108458
0000002969,81,2024,16939161124.365015,3136030250.381449,6219629763.9493885,-3083599513.5679393,2352022687.786087
0000002969,81,2025,22745267303.665897,4210943257.0842404,8351484496.3238,-4140541239.2395597,3158207442.8131804
0000002969,82,2024,15795876736.724142,2924368386.0124125,5799844772.601631,-2875476386.5892186,2193276289.5093093
0000002969,82,2025,16846069178.66815,3118795680.40311,6185448765.72939,-3066653085.32628,2339096760.3023324
0000002969,83,2024,12733439852.577158,2357404376.516407,4675395724.917694,-2317991348.401287,1768053282.3873053
0000002969,83,2025,13766323030.836084,2548627121.748518,5054644196.020638,-2506017074.2721205,1911470341.3113885
0000002969,84,2024,13764047199.541563,2548205785.902428,5053808568.56818,-2505602782.665752,1911154339.4268212
0000002969,84,2025,15631236967.154667,2893887815.339816,5739393230.543201,-2845505415.2033854,2170415861.504862
0000002969,85,2024,14870827981.83211,2753109558.192044,5460190363.106989,-2707080804.914945,2064832168.644033
0000002969,85,2025,20653322219.725822,3823651169.996382,7583375390.265041,-3759724220.268659,2867738377.497287
0000002969,86,2024,12742896582.750841,2359155147.506578,4678867996.066546,-2319712848.5599685,1769366360.6299334
0000002969,86,2025,14325947645.938307,2652233180.450816,5260124141.997538,-2607890961.5467215,1989174885.338112
0000002969,87,2024,12056294705.134743,2232041163.386334,4426765224.113917,-2194724060.7275834,1674030872.5397506
0000002969,87,2025,17675877469.45085,3272422172.4593644,6490133295.608524,-3217711123.14916,2454316629.3445234
0000002969,88,2024,19536804136.362072,3616944683.2453804,7173418306.068688,-3556473622.823308,2712708512.4340353
0000002969,88,2025,27368484590.013496,5066862222.470196,10049012468.828445,-4982150246.35825,3800146666.852647
0000002969,89,2024,13885483026.855934,2570687798.1545105,5098396720.273515,-2527708922.1190042,1928015848.6158829
0000002969,89,2025,8700077356.946774,1610688130.9960108,3194447451.1252813,-1583759320.1292706,1208016098.247008
0000002969,90,2024,12717889855.984818,2354525529.131411,4669686161.089536,-2315160631.9581246,1765894146.8485584
0000002969,90,2025,15932321324.215462,2949629043.8886824,5849943759.869079,-2900314715.9803963,2212221782.9165115
0000002969,91,2024,13980971769.5236,2588366098.949817,5133457761.470156,-2545091662.5203385,1941274574.2123628
0000002969,91,2025,13720917583.44855,2540220987.8500338,5037972468.8941555,-2497751481.0441217,1905165740.8875253
0000002969,92,2024,15860713544.48993,2936371943.272353,5823651201.764142,-2887279258.491789,2202278957.4542646
0000002969,92,2025,14479882484.364721,2680731894.54584,5316645105.211503,-2635913210.6656632,2010548920.90938
0000002969,93,2024,16904471079.557232,3129607911.6891384,6206892460.512981,-3077284548.823843,2347205933.766854
0000002969,93,2025,19659276595.581017,3639618612.2628436,7218387082.682222,-3578768470.4193788,2729713959.1971326
0000002969,94,2024,13143305428.191416,2433284807.3287387,4825887954.99879,-2392603147.670051,1824963605.496554
0000002969,94,2025,16192035872.56122,2997711276.1844087,5945304346.096604,-2947593069.9121957,2248283457.1383066
0000002969,95,2024,13864773554.319134,2566853751.600019,5090792727.912859,-2523938976.31284,1925140313.700014
0000002969,95,2025,16267148694.657907,3011617282.541944,5972883866.74328,-2961266584.2013364,2258712961.906458
0000002969,96,2024,13417188436.543156,2483990116.3431916,4926450839.906607,-2442460723.563415,1862992587.2573938
0000002969,96,2025,18817181838.885574,3483717466.31495,6909191274.557159,-3425473808.2422094,2612788099.7362127
0000002969,97,2024,12407613278.395597,2297082499.564556,4555760481.83884,-2258677982.2742834,1722811874.673417
0000002969,97,2025,13004897769.743925,2407660716.4667974,4775068177.932007,-2367407461.4652095,1805745537.3500981
0000002969,98,2024,17253250283.91674,3194179122.007347,6334955326.469237,-3140776204.46189,2395634341.5055103
0000002969,98,2025,18542125928.297085,3432795012.1379843,6808197729.736001,-3375402717.5980167,2574596259.103488
0000002969,99,2024,16711582619.659351,3093897521.9745526,6136068716.793016,-3042171194.818464,2320423141.4809146
0000002969,99,2025,17141305401.0672,3173454215.0055118,6293852008.531529,-3120397793.5260177,2380090661.2541337
0000002969,100,2024,14905273465.99976,2759486620.1696534,5472837870.087402,-2713351249.917749,2069614965.1272402
0000002969,100,2025,17072168522.203743,3160654564.4241796,6268466702.47011,-3107812138.0459304,2370490923.318135
0000002969,101,2024,19303791674.375423,3573805939.588535,7087862047.804003,-3514056108.215468,2680354454.691401
0000002969,101,2025,21044254614.408085,3896026407.8595023,7726915837.150599,-3830889429.291096,2922019805.8946266
0000002969,102,2024,12002264064.956636,2222038205.1051064,4406926545.2472515,-2184888340.142145,1666528653.8288298
0000002969,102,2025,15106637526.965017,2796766139.6151814,5546773639.265947,-2750007499.650766,2097574604.7113862
0000002969,103,2024,12149758700.427046,2249344612.736997,4461082829.496482,-2211738216.759485,1687008459.5527477
0000002969,103,2025,13480400972.021257,2495692964.082062,4949660877.536439,-2453967913.454377,1871769723.0615463
0000002969,104,2024,11047228386.563286,2045227750.5822358,4056261699.0155854,-2011033948.4333496,1533920812.936677
0000002969,104,2025,12862289728.757593,2381258988.1168914,4722706127.073342,-2341447138.956451,1785944241.0876684
0000002969,105,2024,13282098684.49994,2458980285.82008,4876849313.807183,-2417869027.9871035,1844235214.3650599
0000002969,105,2025,14015284944.855457,2594718665.9416127,5146056688.006291,-2551338022.0646787,1946038999.4562097
0000002969,106,2024,11935540722.330519,2209685384.3635235,4382427428.396024,-2172742044.0325003,1657264038.2726426
0000002969,106,2025,12969555738.79633,2401117672.372237,4762091481.743439,-2360973809.3712015,1800838254.279178
0000002969,107,2024,16824611964.83564,3114823200.8231816,6177570221.755205,-3062747020.9320235,2336117400.6173863
0000002969,107,2025,22491392531.024864,4163942171.2001343,8258268127.423286,-4094325956.223152,3122956628.4001007
0000002969,108,2024,17344587676.070087,3211088862.8546576,6368492097.188146,-3157403234.333488,2408316647.140993
0000002969,108,2025,23127910921.142754,4281783952.837277,8491981514.72816,-4210197561.890883,3211337964.627958
0000002969,109,2024,11289755072.74053,2090127909.3795102,4145311338.7719665,-2055183429.3924563,1567595932.0346327
0000002969,109,2025,11687421030.3757,2163749764.885507,4291324178.9627085,-2127574414.0772014,1622812323.6641302
0000002969,110,2024,15434278374.042852,2857423901.835695,5667075037.275542,-2809651135.4398475,2143067926.376771
0000002969,110,2025,14008211671.74424,2593409156.0855384,5143459561.758534,-2550050405.672996,1945056867.0641537
0000002969,111,2024,16057700912.110025,2972841183.9427814,5895979960.300461,-2923138776.3576794,2229630887.957086
0000002969,111,2025,18247096972.85081,3378174849.8864346,6699870590.094998,-3321695740.208564,2533631137.414826
0000002969,112,2024,16884241779.78315,3125862761.880964,6199464775.395932,-3073602013.5149684,2344397071.4107227
0000002969,112,2025,18617030028.93739,3446662376.8652573,6835700613.164756,-3389038236.2994986,2584996782.648943
0000002969,113,2024,13237547886.974945,2450732377.456067,4860491392.404831,-2409759014.948764,1838049283.0920503
0000002969,113,2025,17289351510.659637,3200862719.7552166,6348210780.072677,-3147348060.31746,2400647039.8164124
0000002969,114,2024,15108959952.091364,2797196101.6066284,5547626374.790116,-2750430273.183488,2097897076.2049713
0000002969,114,2025,14206727007.63219,2630161277.0399685,5216349351.437266,-2586188074.397298,1972620957.7799764
0000002969,115,2024,15919821598.848873,2947314908.224981,5845354178.16781,-2898039269.9428296,2210486181.1687355
0000002969,115,2025,18902790924.133785,3499566697.518006,6940624756.461311,-3441058058.9433055,2624675023.1385045
0000002969,116,2024,15340224889.21907,2840011317.3874063,5632540986.308182,-2792529668.9207754,2130008488.0405548
0000002969,116,2025,17628462710.358765,3263644044.797927,6472723800.254268,-3209079755.456341,2447733033.598445
0000002969,117,2024,11020577255.723495,2040293695.5893803,4046476080.625331,-2006182385.0359507,1530220271.6920352
0000002969,117,2025,12316431992.874554,2280201659.5062275,4522281029.5107,-2242079370.0044727,1710151244.6296706
0000002969,118,2024,16342885594.702583,3025638827.5208497,6000692532.962858,-2975053705.4420085,2269229120.6406374
0000002969,118,2025,19324228465.437588,3577589503.2798615,7095365918.452415,-3517776415.172554,2683192127.459896
0000002969,119,2024,14635350416.173136,2709514437.7624655,5373728981.379633,-2664214543.6171675,2032135828.321849
0000002969,119,2025,15760154797.91738,2917755007.706497,5786728583.895631,-2868973576.1891336,2188316255.779873
0000002969,120,2024,14439087954.61299,2673179402.517914,5301666389.938216,-2628486987.4203024,2004884551.8884354
0000002969,120,2025,14253453257.16798,2638811937.5393443,5233506043.568407,-2594694106.0290627,1979108953.154508
0000002969,121,2024,11040352755.062326,2043954831.0899909,4053737141.747646,-2009782310.657655,1532966123.3174932
0000002969,121,2025,14566447388.663982,2696758081.2330527,5348429539.596432,-2651671458.363379,2022568560.9247894
0000002969,122,2024,14987459115.74792,2774702053.9131083,5503014353.42033,-2728312299.5072217,2081026540.4348311
0000002969,122,2025,11855741244.776983,2194911714.4199414,4353127086.891764,-2158215372.4718223,1646183785.8149562
0000002969,123,2024,13483609695.809666,2496287010.905968,4950839039.420145,-2454552028.514177,1872215258.1794763
0000002969,123,2025,16202586510.913603,2999664567.7784247,5949178272.546879,-2949513704.768454,2249748425.8338184
0000002969,124,2024,11884414403.40116,2200220117.366181,4363655142.531358,-2163435025.165177,1650165088.0246358
0000002969,124,2025,12293174591.173264,2275895902.2880845,4513741502.270157,-2237845599.9820724,1706921926.7160635
0000002969,125,2024,14597082396.171812,2702429690.916665,5359677936.321369,-2657248245.404704,2026822268.1874988
0000002969,125,2025,15396840922.431055,2850492922.202771,5653328955.836113,-2802836033.633342,2137869691.6520784
0000002969,126,2024,14726088078.242859,2726313147.628342,5407045546.443075,-2680732398.814733,2044734860.7212567
0000002969,126,2025,20985811973.751633,3885206634.219875,7705457183.759089,-3820250549.5392146,2913904975.664906
0000002969,127,2024,13338595406.97042,2469439802.050785,4897593475.460948,-2428153673.410163,1852079851.5380888
0000002969,127,2025,12103139960.861265,2240713856.087386,4443965612.295917,-2203251756.2085304,1680535392.0655396
0000002969,128,2024,15348447591.21673,2841533626.6691475,5635560153.651196,-2794026526.982048,2131150220.0018606
0000002969,128,2025,19164460157.26272,3548010810.225931,7036703053.29843,-3488692243.0724993,2661008107.6694484
0000002969,129,2024,12997229156.075737,2406240988.2839575,4772252457.751491,-2366011469.467533,1804680741.212968
0000002969,129,2025,12086826803.31067,2237693720.958952,4437975835.145752,-2200282114.1868,1678270290.719214
0000002969,130,2024,12739894020.78918,2358599268.4361043,4677765531.569766,-2319166263.1336617,1768949451.3270783
0000002969,130,2025,15910419351.732439,2945574223.95129,5841901911.813884,-2896327687.8625937,2209180667.9634676
0000002969,131,2024,15929042454.019257,2949022010.515136,5848739842.005926,-2899717831.4907904,2211766507.8863516
0000002969,131,2025,23622242830.016052,4373302051.5538435,8673487637.205257,-4300185585.651414,3279976538.6653824
0000002969,132,2024,14105805596.704773,2611477199.637557,5179293572.42817,-2567816372.790613,1958607899.7281678
0000002969,132,2025,14589328223.114239,2700994122.7030616,5356830800.906008,-2655836678.202946,2025745592.027296
0000002969,133,2024,14125681752.003292,2615156970.0712757,5186591591.862541,-2571434621.7912655,1961367727.5534568
0000002969,133,2025,17257171715.58715,3194905115.948424,6336395176.586697,-3141490060.638273,2396178836.961318
0000002969,134,2024,13919074529.699396,2576906758.3674426,5110730667.000101,-2533823908.6326585,1932680068.7755818
0000002969,134,2025,14020620593.297348,2595706480.792438,5148015802.605622,-2552309321.8131843,1946779860.5943284
0000002969,135,2024,16336087635.972124,3024380287.9708066,5998196495.163605,-2973816207.192798,2268285215.978105
0000002969,135,2025,20699117045.16717,3832129391.3699565,7600190087.1239195,-3768060695.753963,2874097043.5274673
0000002969,136,2024,14840720968.363564,2747535698.64299,5449135832.383903,-2701600133.7409124,2060651773.9822426
0000002969,136,2025,13794931730.710705,2553923591.1292744,5065148584.044444,-2511224992.9151697,1915442693.3469558
0000002969,137,2024,16326297128.62894,3022567723.1708508,5994601669.514994,-2972033946.344143,2266925792.378138
0000002969,137,2025,17113279844.335514,3168265705.7842417,6283561735.859826,-3115296030.0755844,2376199279.3381815
0000002969,138,2024,13908131007.320826,2574880730.2204194,5106712483.513417,-2531831753.292998,1931160547.6653147
0000002969,138,2025,19717704327.90525,3650435625.849569,7239840262.112764,-3589404636.2631955,2737826719.3871765
0000002969,139,2024,12630268801.8152,2338303812.221771,4637513935.295066,-2299210123.073295,1753727859.166328
0000002969,139,2025,16377289162.062654,3032008129.233615,6013324649.156083,-2981316519.922468,2274006096.925211
0000002969,140,2024,11632527269.425303,2153587012.808603,4271168584.068985,-2117581571.2603822,1615190259.606452
0000002969,140,2025,17303480489.297066,3203478487.0939093,6353398582.197137,-3149920095.1032276,2402608865.3204317
0000002969,141,2024,15536443742.858648,2876338279.2830443,5704587566.028669,-2828249286.745625,2157253709.462283
0000002969,141,2025,18738033547.250225,3469064353.62465,6880130031.984002,-3411065678.359352,2601798265.2184877
0000002969,142,2024,15756082413.314768,2917001067.1062975,5785233307.695192,-2868232240.588895,2187750800.3297234
0000002969,142,2025,18514358558.110226,3427654302.2621994,6798002256.606439,-3370347954.344239,2570740726.6966496
0000002969,143,2024,12541113516.173855,2321798055.4903765,4604778378.668786,-2282980323.1784096,1741348541.6177824
0000002969,143,2025,15363694800.479286,2844356417.545875,5641158541.661695,-2796802124.1158195,2133267313.1594062
0000002969,144,2024,13500179394.132463,2499354640.689904,4956923011.826541,-2457568371.1366367,1874515980.5174282
0000002969,144,2025,14588862771.025105,2700907951.2674804,5356659898.719883,-2655751947.4524026,2025680963.4506102
0000002969,145,2024,13926477029.383812,2578277219.5590167,5113448676.884227,-2535171457.32521,1933707914.6692624
0000002969,145,2025,13152672804.450737,2435019035.789066,4829327417.659594,-2394308381.8705277,1826264276.8417993
0000002969,146,2024,15597996659.61397,2887733873.641389,5727188233.812544,-2839454360.171155,2165800405.231042
0000002969,146,2025,16761745924.492517,3103184501.433626,6154487408.339061,-3051302906.9054346,2327388376.0752196
0000002969,147,2024,18207164320.798958,3370781921.518073,6685208334.4241495,-3314426412.9060764,2528086441.1385546
0000002969,147,2025,22640612106.394657,4191567925.4433975,8313057765.795573,-4121489840.3521757,3143675944.082548
0000002969,148,2024,15242971358.943302,2822006292.778336,5596831959.921847,-2774825667.1435113,2116504719.5837522
0000002969,148,2025,19319563932.662052,3576725935.3746634,7093653220.481564,-3516927285.1069,2682544451.5309973
0000002969,149,2024,12505481419.239347,2315201310.052351,4591695177.61658,-2276493867.564229,1736400982.5392632
0000002969,149,2025,14371590995.484852,2660683358.3466277,5276883220.754849,-2616199862.4082217,1995512518.7599707
0000002969,150,2024,12094969949.837755,2239201301.744962,4440965791.740427,-2201764489.995465,1679400976.3087215
0000002969,150,2025,15491451160.274544,2868008581.077176,5688067432.37255,-2820058851.295374,2151006435.8078823
0000002969,151,2024,14883695652.394817,2755491813.3604274,5464915044.939632,-2709423231.579205,2066618860.0203204
0000002969,151,2025,21787223868.048157,4033575961.666343,7999715278.026823,-3966139316.36048,3025181971.2497573
0000002969,152,2024,13663681067.23028,2529624509.962545,5016956673.764615,-2487332163.80207,1897218382.4719086
0000002969,152,2025,15020944176.439684,2780901307.9667335,5515309217.292107,-2734407909.325373,2085675980.97505
0000002969,153,2024,10420708839.124918,1929237103.8910072,3826219632.8037705,-1896982528.9127634,1446927827.9182553
0000002969,153,2025,13428318803.458145,2486050735.938636,4930537627.961805,-2444486892.0231695,1864538051.9539769
0000002969,154,2024,12821174065.120815,2373647042.9926443,4707609499.593248,-2333962456.600604,1780235282.2444832
0000002969,154,2025,14376730592.802107,2661634877.288053,5278770350.36029,-2617135473.0722365,1996226157.9660397
0000002969,155,2024,12387011185.628147,2293268332.755141,4548195916.602385,-2254927583.847244,1719951249.5663557
0000002969,155,2025,16214482867.672253,3001866998.842782,5953546312.618959,-2951679313.7761774,2251400249.1320868
0000002969,156,2024,13401993750.255495,2481177049.3032527,4920871736.998572,-2439694687.6953197,1860882786.9774394
0000002969,156,2025,19716718003.279747,3650253022.718306,7239478108.759794,-3589225086.041488,2737689767.0387297
0000002969,157,2024,14938395477.657831,2765618661.1692395,5484999431.5743,-2719380770.4050603,2074213995.8769298
0000002969,157,2025,17257127702.559834,3194896967.6001043,6336379016.120857,-3141482048.520753,2396172725.700078
0000002969,158,2024,14189610995.09485,2626992505.4172816,5210064786.325936,-2583072280.9086547,1970244379.062961
0000002969,158,2025,16939604296.177483,3136112296.9597783,6219792485.383769,-3083680188.4239907,2352084222.719834
0000002969,159,2024,12290022177.135368,2275312280.3653703,4512584015.89675,-2237271735.53138,1706484210.2740278
0000002969,159,2025,9421990449.922724,1744339454.1694233,3459515604.565276,-1715176150.3958528,1308254590.6270676
0000002969,160,2024,13598964984.818184,2517643303.181379,4993194571.885939,-2475551268.70456,1888232477.386034
0000002969,160,2025,13186043274.180408,2441197075.0540185,4841580206.640336,-2400383131.5863175,1830897806.290514
0000002969,161,2024,15168599693.013401,2808237500.308917,5569524572.996602,-2761287072.687685,2106178125.2316878
0000002969,161,2025,18212427584.483673,3371756335.4226236,6687140871.1789875,-3315384535.756364,2528817251.566968
0000002969,162,2024,14131291957.697598,2616195615.057236,5188651516.912075,-2572455901.854839,1962146711.2929273
0000002969,162,2025,9305990511.84525,1722863814.8397944,3416923373.3334007,-1694059558.4936063,1292147861.1298459
0000002969,163,2024,15879865980.29858,2939917727.9557533,5830683489.782011,-2890765761.8262577,2204938295.966815
0000002969,163,2025,15940176689.079664,2951083346.239375,5852828050.345884,-2901744704.106509,2213312509.679531
0000002969,164,2024,15394750012.27467,2850105821.7169137,5652561226.729168,-2802455405.012254,2137579366.2876854
0000002969,164,2025,11538246359.620071,2136132324.0544233,4236551028.4243083,-2100418704.369885,1602099243.0408175
0000002969,165,2024,15360019156.175636,2843675927.4294367,5639808938.423091,-2796133010.9936543,2132756945.5720775
0000002969,165,2025,16736165500.782293,3098448671.720226,6145094926.414221,-3046646254.693995,2323836503.7901692
0000002969,166,2024,14223095256.078405,2633191611.416991,5222359356.565168,-2589167745.148177,1974893708.5627434
0000002969,166,2025,17469276669.164017,3234173149.6951504,6414274728.74765,-3180101579.0525,2425629862.271363
0000002969,167,2024,15442204992.008272,2858891395.623626,5669985490.081512,-2811094094.457886,2144168546.7177196
0000002969,167,2025,13899834416.1451,2573344741.471561,5103666185.940768,-2530321444.4692073,1930008556.1036706
0000002969,168,2024,16283959556.116146,3014729560.0438194,5979056388.128232,-2964326828.0844126,2261047170.0328646
0000002969,168,2025,21290578598.92253,3941629579.1830616,7817359748.417078,-3875730169.2340164,2956222184.387296
0000002969,169,2024,11745082771.687645,2174424966.7869654,4312496105.947279,-2138071139.1603136,1630818725.090224
0000002969,169,2025,14801193970.51675,2740217871.033684,5434622522.634816,-2694404651.6011324,2055163403.2752628
0000002969,170,2024,11316334556.216711,2095048699.9433901,4155070650.069919,-2060021950.126529,1571286524.9575427
0000002969,170,2025,15043549136.981434,2785086275.542586,5523609184.708801,-2738522909.1662154,2088814706.6569395
0000002969,171,2024,14319523285.175861,2651043806.9309306,5257765279.883936,-2606721472.9530053,1988282855.1981978
0000002969,171,2025,15417832780.152596,2854379248.116028,5661036632.864917,-2806657384.748889,2140784436.0870209
0000002969,172,2024,11414035815.87602,2113136614.8963482,4190944071.314985,-2077807456.4186366,1584852461.1722612
0000002969,172,2025,11957789609.20908,2213804430.270001,4390596654.606736,-2176792224.3367352,1660353322.7025008
0000002969,173,2024,13551103906.225592,2508782546.1946373,4975621199.346195,-2466838653.151558,1881586909.645978
0000002969,173,2025,15988908889.404734,2960105378.2789216,5870721276.662067,-2910615898.383146,2220079033.7091913
0000002969,174,2024,11898632894.792173,2202852456.6414046,4368875811.465595,-2166023354.8241906,1652139342.4810534
0000002969,174,2025,14253458849.230423,2638812972.825381,5233508096.831716,-2594695124.006335,1979109729.6190357
0000002969,175,2024,16478779651.147448,3050797562.8755274,6050589379.211788,-2999791816.336261,2288098172.156646
0000002969,175,2025,22134901037.64656,4097943146.8665175,8127373504.806986,-4029430357.9404683,3073457360.149888
0000002969,176,2024,11557845766.957848,2139760858.7763941,4243747433.036014,-2103986574.25962,1604820644.0822957
0000002969,176,2025,12666406726.249369,2344994203.993801,4650782863.358735,-2305788659.364934,1758745652.9953508
0000002969,177,2024,13514191956.803284,2501948855.3678584,4962068068.964659,-2460119213.5968003,1876461641.5258937
0000002969,177,2025,16945146862.74041,3137138419.5805197,6221827575.06208,-3084689155.4815607,2352853814.6853895
0000002969,178,2024,10326783601.204628,1911848262.4230182,3791732670.842308,-1879884408.4192898,1433886196.8172636
0000002969,178,2025,12485504357.974045,2311502858.40048,4584360108.073897,-2272857249.6734176,1733627143.8003597
0000002969,179,2024,13517699423.360264,2502598209.9105144,4963355921.605866,-2460757711.695352,1876948657.4328856
0000002969,179,2025,14398063322.15402,2665584310.443546,5286603186.79471,-2621018876.3511643,1999188232.8326592
0000002969,180,2024,13650324628.618402,2527151766.76017,5012052528.717473,-2484900761.957303,1895363825.0701275
0000002969,180,2025,15751769226.017717,2916202545.518375,5783649614.86098,-2867447069.342605,2187151909.138781
0000002969,181,2024,10446656920.85924,1934040999.9435194,3835747109.417712,-1901706109.4741929,1450530749.9576395
0000002969,181,2025,10177748001.873144,1884256568.5690062,3737010583.798881,-1852754015.2298748,1413192426.4267547
0000002969,182,2024,15621701958.966549,2892122552.3556557,5735892217.695462,-2843769665.3398066,2169091914.2667418
0000002969,182,2025,15482219051.829092,2866299395.4128346,5684677636.617627,-2818378241.2047925,2149724546.559626
0000002969,183,2024,9480749244.769415,1755217758.989969,3481090341.746128,-1725872582.756159,1316413319.2424767
0000002969,183,2025,10700818301.263662,1981095146.9331539,3929068713.4100156,-1947973566.4768617,1485821360.1998653
0000002969,184,2024,9986716484.53632,1848889963.7680848,3666868662.2268906,-1817978698.4588058,1386667472.8260636
0000002969,184,2025,8703175868.836239,1611261773.7487533,3195585145.9987273,-1584323372.249974,1208446330.311565
0000002969,185,2024,14865858249.329966,2752189487.1596828,5458365603.54763,-2706176116.3879476,2064142115.369762
0000002969,185,2025,16882147639.850994,3125475063.4508257,6198695860.397351,-3073220796.9465256,2344106297.5881195
0000002969,186,2024,14912678126.906673,2760857481.4789834,5475556673.517541,-2714699192.0385575,2070643111.1092377
0000002969,186,2025,17264868949.628056,3196330142.761695,6339221405.441208,-3142891262.679513,2397247607.071271
0000002969,187,2024,13048113569.605186,2415661470.1442866,4790935922.096938,-2375274451.9526515,1811746102.6082149
0000002969,187,2025,16321959626.723766,3021764700.0998826,5993009048.974192,-2971244348.874309,2266323525.074912
0000002969,188,2024,11936069353.265553,2209783252.409726,4382621528.249821,-2172838275.8400946,1657337439.3072946
0000002969,188,2025,13377649022.64252,2476669990.088746,4911932971.297885,-2435262981.209139,1857502492.5665596
0000002969,189,2024,13651875166.655527,2527438825.4966145,5012621846.905962,-2485183021.4093475,1895579119.1224608
0000002969,189,2025,14028536549.311611,2597172000.680888,5150922340.613907,-2553750339.9330187,1947879000.5106661
0000002969,190,2024,12437103973.693647,2302542257.098029,4566588716.182244,-2264046459.084215,1726906692.8235219
0000002969,190,2025,15258425965.871145,2824867480.205366,5602506499.087798,-2777639018.882432,2118650610.1540246
0000002969,191,2024,12766172710.583729,2363464371.585608,4687414399.067028,-2323950027.48142,1772598278.6892061
0000002969,191,2025,12840719996.599298,2377265677.465649,4714786269.227538,-2337520591.761889,1782949258.099237
0000002969,192,2024,12442540896.735786,2303548821.4139338,4568585016.242733,-2265036194.8287992,1727661616.0604503
0000002969,192,2025,15702925638.334488,2907159891.7891154,5765715489.935766,-2858555598.146651,2180369918.8418365
0000002969,193,2024,14700003794.769604,2721484035.877702,5397468060.009689,-2675984024.131987,2041113026.9082766
0000002969,193,2025,17410634958.04627,3223316521.16147,6392742981.738511,-3169426460.577041,2417487390.8711023
0000002969,194,2024,15072275865.023514,2790404596.0587573,5534156909.678156,-2743752313.6193986,2092803447.0440679
0000002969,194,2025,20633188350.075546,3819923687.6366043,7575982744.6658325,-3756059057.029228,2864942765.727453
0000002969,195,2024,12945044220.94434,2396579734.4600677,4753091474.902927,-2356511740.4428596,1797434800.8450508
0000002969,195,2025,17998427928.47815,3332137526.0921407,6608565632.405658,-3276428106.313517,2499103144.5691056
0000002969,196,2024,12172753407.537645,2253601736.0129414,4469525901.954932,-2215924165.941991,1690201302.009706
0000002969,196,2025,15669156534.356237,2900908051.4041896,5753316332.582991,-2852408281.178801,2175681038.553142
0000002969,197,2024,17006455260.60372,3148488744.9531975,6244338461.718812,-3095849716.7656145,2361366558.714898
0000002969,197,2025,17823457378.41773,3299744367.193256,6544320890.119981,-3244576522.926725,2474808275.394942
0000002969,198,2024,11249049096.031599,2082591811.6121354,4130365137.92703,-2047773326.3148947,1561943858.7091017
0000002969,198,2025,13115772503.914675,2428187501.577917,4815778564.453241,-2387591062.8753242,1821140626.1834378
0000002969,199,2024,13532296390.076952,2505300618.185119,4968715557.067619,-2463414938.8825,1878975463.6388392
0000002969,199,2025,10953443339.15165,2027864863.2729402,4021826211.4485064,-1993961348.1755662,1520898647.4547052
0000002969,200,2024,11417396567.576143,2113758807.3956242,4192178053.986846,-2078419246.5912218,1585319105.5467181
0000002969,200,2025,11838258948.018707,2191675130.797082,4346708031.516963,-2155032900.719881,1643756348.0978115
